{
    "alternateId": "10",
    "name": "Position",
    "properties": [
        {
            "dataType": "double",
            "formatter": {
                "swap": true
            },
            "name": "PositionX",
            "unitOfMeasure": "[x]"
        },
        {
            "dataType": "double",
            "formatter": {
                "swap": true
            },
            "name": "PositionY",
            "unitOfMeasure": "[y]"
        },
        {
            "dataType": "double",
            "formatter": {
                "swap": true
            },
            "name": "PositionZ",
            "unitOfMeasure": "[z]"
        }
    ]
}
